episode,epsilon,reward,steps,exit_reason
0,0.9885630291773887,999913,87,terminated
1,0.9464721295325524,999913,87,terminated
2,0.9107167220751963,999923,77,terminated
3,0.876312066660663,999923,77,terminated
