episode,epsilon,reward,steps,exit_reason
0,0.9920299301136144,999920,80,terminated
1,0.9507419214772129,999915,85,terminated
