episode,epsilon,reward,steps,exit_reason
0,1,-5168.6147012167585,79,terminated
1,0.9704309672630859,-3166.4013081893913,79,terminated
2,0.8868671875860644,-6277.7038322587305,90,terminated
