episode,epsilon,reward,steps,exit_reason
0,1,-3118.891934499062,88,terminated
1,0.9999460014309732,-4070.958898108242,94,terminated
