episode,epsilon,total_reward,steps,exit_reason
0,0.9981017090313877,-459.60893197599125,83,terminated
1,0.9894554575757586,-661.2961750542788,87,terminated
2,0.9798056727739467,-975.2318553949322,98,terminated
3,0.9712207825228317,-463.15134129854835,88,terminated
4,0.9622298523220771,-866.9497524347662,93,terminated
5,0.9539897468226081,-459.87708957449195,86,terminated
6,0.9466718698566293,-451.81130707567024,77,terminated
7,0.9391283320998,-554.7523329823905,80,terminated
8,0.9316449048878183,-554.6542745134618,80,terminated
